PARCELID,PropertyID,OwnerName,TotalAcres,CountyName,OwnerAddre,OwnerAdd_1,OwnerAdd_2,OwnerCity,OwnerState,OwnerZipCo,DbaName,CareOfTaxp,LegalDescr,Township,Range,Section,matched_grouped_entity,ranch_component,match_reason
49034223301010000,664646,RANCH AT DOME MOUNTAIN LLC,640.0,Park,3223 HOWELL MILL RD NW,,,ATLANTA,GA,30327-4105,,,"S23, T07 S, R07 E, ALL",07 S,07 E,23,ARTHUR BLANK / AMB WEST,Auster / Ranch at Dome Mountain,Official AMB West pages identify Auster/Ranch at Dome Mountain as Blank's fourth property; cadastral owner uses the Blank organization Atlanta address.
49034221301010000,664644,RANCH AT DOME MOUNTAIN LLC,640.0,Park,3223 HOWELL MILL RD NW,,,ATLANTA,GA,30327-4105,,,"S21, T07 S, R07 E, ALL",07 S,07 E,21,ARTHUR BLANK / AMB WEST,Auster / Ranch at Dome Mountain,Official AMB West pages identify Auster/Ranch at Dome Mountain as Blank's fourth property; cadastral owner uses the Blank organization Atlanta address.
49034203301010000,664635,RANCH AT DOME MOUNTAIN LLC,561.67,Park,3223 HOWELL MILL RD NW,,,ATLANTA,GA,30327-4105,,,"S03, T07 S, R07 E, C.O.S. 2747RB, ACRES 561.67, REMAINDER",07 S,07 E,03,ARTHUR BLANK / AMB WEST,Auster / Ranch at Dome Mountain,Official AMB West pages identify Auster/Ranch at Dome Mountain as Blank's fourth property; cadastral owner uses the Blank organization Atlanta address.
49034210301010000,664638,RANCH AT DOME MOUNTAIN LLC,480.0,Park,3223 HOWELL MILL RD NW,,,ATLANTA,GA,30327-4105,,,"S10, T07 S, R07 E, W2, W2E2",07 S,07 E,10,ARTHUR BLANK / AMB WEST,Auster / Ranch at Dome Mountain,Official AMB West pages identify Auster/Ranch at Dome Mountain as Blank's fourth property; cadastral owner uses the Blank organization Atlanta address.
49034214401010000,664639,RANCH AT DOME MOUNTAIN LLC,480.0,Park,3223 HOWELL MILL RD NW,,,ATLANTA,GA,30327-4105,,,"S14, T07 S, R07 E, E2, E2W2",07 S,07 E,14,ARTHUR BLANK / AMB WEST,Auster / Ranch at Dome Mountain,Official AMB West pages identify Auster/Ranch at Dome Mountain as Blank's fourth property; cadastral owner uses the Blank organization Atlanta address.
49034215401010000,664640,RANCH AT DOME MOUNTAIN LLC,480.0,Park,3223 HOWELL MILL RD NW,,,ATLANTA,GA,30327-4105,,,"S15, T07 S, R07 E, N2, SE4",07 S,07 E,15,ARTHUR BLANK / AMB WEST,Auster / Ranch at Dome Mountain,Official AMB West pages identify Auster/Ranch at Dome Mountain as Blank's fourth property; cadastral owner uses the Blank organization Atlanta address.
49034222301010000,664645,RANCH AT DOME MOUNTAIN LLC,479.0,Park,3223 HOWELL MILL RD NW,,,ATLANTA,GA,30327-4105,,,"S22, T07 S, R07 E, W2 LESS 1 AC, W2E2",07 S,07 E,22,ARTHUR BLANK / AMB WEST,Auster / Ranch at Dome Mountain,Official AMB West pages identify Auster/Ranch at Dome Mountain as Blank's fourth property; cadastral owner uses the Blank organization Atlanta address.
49034229301010000,664647,RANCH AT DOME MOUNTAIN LLC,401.49,Park,3223 HOWELL MILL RD NW,,,ATLANTA,GA,30327-4105,,,"S29, T07 S, R07 E, ALL E OF RIVER LESS C/S 1070 & 45.18 AC",07 S,07 E,29,ARTHUR BLANK / AMB WEST,Auster / Ranch at Dome Mountain,Official AMB West pages identify Auster/Ranch at Dome Mountain as Blank's fourth property; cadastral owner uses the Blank organization Atlanta address.
49034220401010000,664643,RANCH AT DOME MOUNTAIN LLC,290.41,Park,3223 HOWELL MILL RD NW,,,ATLANTA,GA,30327-4105,,,"S20, T07 S, R07 E, LOT 6, SE4 LESS C/S 1065, E2NE4, SW4NE4",07 S,07 E,20,ARTHUR BLANK / AMB WEST,Auster / Ranch at Dome Mountain,Official AMB West pages identify Auster/Ranch at Dome Mountain as Blank's fourth property; cadastral owner uses the Blank organization Atlanta address.
49034209401010000,664637,RANCH AT DOME MOUNTAIN LLC,269.55,Park,3223 HOWELL MILL RD NW,,,ATLANTA,GA,30327-4105,,,"S09, T07 S, R07 E, ACRES 269.55, LOT 5 LESS COS 1122, LOTS 6,7,8, SW4SE4 LESS COS  747, E2E2 LESS RD",07 S,07 E,09,ARTHUR BLANK / AMB WEST,Auster / Ranch at Dome Mountain,Official AMB West pages identify Auster/Ranch at Dome Mountain as Blank's fourth property; cadastral owner uses the Blank organization Atlanta address.
49034215301010000,664974,RANCH AT DOME MOUNTAIN LLC,160.0,Park,3223 HOWELL MILL RD NW,,,ATLANTA,GA,30327-4105,,,"S15, T07 S, R07 E, SW4",07 S,07 E,15,ARTHUR BLANK / AMB WEST,Auster / Ranch at Dome Mountain,Official AMB West pages identify Auster/Ranch at Dome Mountain as Blank's fourth property; cadastral owner uses the Blank organization Atlanta address.
49034216101020000,664641,RANCH AT DOME MOUNTAIN LLC,154.0,Park,3223 HOWELL MILL RD NW,,,ATLANTA,GA,30327-4105,,,"S16, T07 S, R07 E, SW4NE4, E2NW4, SW4NW4",07 S,07 E,16,ARTHUR BLANK / AMB WEST,Auster / Ranch at Dome Mountain,Official AMB West pages identify Auster/Ranch at Dome Mountain as Blank's fourth property; cadastral owner uses the Blank organization Atlanta address.
49034217401050000,664642,RANCH AT DOME MOUNTAIN LLC,96.87,Park,3223 HOWELL MILL RD NW,,,ATLANTA,GA,30327-4105,,,"S17, T07 S, R07 E, ALL E OF RIVER",07 S,07 E,17,ARTHUR BLANK / AMB WEST,Auster / Ranch at Dome Mountain,Official AMB West pages identify Auster/Ranch at Dome Mountain as Blank's fourth property; cadastral owner uses the Blank organization Atlanta address.
49034204401050000,664636,RANCH AT DOME MOUNTAIN LLC,71.34,Park,3223 HOWELL MILL RD NW,,,ATLANTA,GA,30327-4105,,,"S04, T07 S, R07 E, C.O.S. 2747 RB, PARCEL 3, ACRES 71.34",07 S,07 E,04,ARTHUR BLANK / AMB WEST,Auster / Ranch at Dome Mountain,Official AMB West pages identify Auster/Ranch at Dome Mountain as Blank's fourth property; cadastral owner uses the Blank organization Atlanta address.
49034203260010000,664994,RANCH AT DOME MOUNTAIN LLC,33.75,Park,3223 HOWELL MILL RD NW,,,ATLANTA,GA,30327-4105,,,"S03, T07 S, R07 E, UNSURVEYED ISLAND IN YELLOWSTONE RIVER IN GOVT LOTS 5,6 (IN NW4)",07 S,07 E,03,ARTHUR BLANK / AMB WEST,Auster / Ranch at Dome Mountain,Official AMB West pages identify Auster/Ranch at Dome Mountain as Blank's fourth property; cadastral owner uses the Blank organization Atlanta address.
49034204405020000,1598285,RANCH AT DOME MOUNTAIN LLC,18.18,Park,3223 HOWELL MILL RD NW,,,ATLANTA,GA,30327-4105,,,"S04, T07 S, R07 E, C.O.S. 2755, PARCEL A, ACRES 18.18",07 S,07 E,04,ARTHUR BLANK / AMB WEST,Auster / Ranch at Dome Mountain,Official AMB West pages identify Auster/Ranch at Dome Mountain as Blank's fourth property; cadastral owner uses the Blank organization Atlanta address.
49034204301010000,1604495,RANCH AT DOME MOUNTAIN LLC,17.79,Park,3223 HOWELL MILL RD NW,,,ATLANTA,GA,30327-4105,,,"S04, T07 S, R07 E, C.O.S. 2747, ACRES 17.79",07 S,07 E,04,ARTHUR BLANK / AMB WEST,Auster / Ranch at Dome Mountain,Official AMB West pages identify Auster/Ranch at Dome Mountain as Blank's fourth property; cadastral owner uses the Blank organization Atlanta address.
49034204405040000,1598287,RANCH AT DOME MOUNTAIN LLC,14.45,Park,3223 HOWELL MILL RD NW,,,ATLANTA,GA,30327-4105,,,"S04, T07 S, R07 E, C.O.S. 2755, PARCEL D, ACRES 14.45",07 S,07 E,04,ARTHUR BLANK / AMB WEST,Auster / Ranch at Dome Mountain,Official AMB West pages identify Auster/Ranch at Dome Mountain as Blank's fourth property; cadastral owner uses the Blank organization Atlanta address.
49034209160010000,664648,RANCH AT DOME MOUNTAIN LLC,11.69,Park,3223 HOWELL MILL RD NW,,,ATLANTA,GA,30327-4105,,,"S09, T07 S, R07 E, C.O.S. 1122, IN GOVT LT 5 (CONTIGUOUS)",07 S,07 E,09,ARTHUR BLANK / AMB WEST,Auster / Ranch at Dome Mountain,Official AMB West pages identify Auster/Ranch at Dome Mountain as Blank's fourth property; cadastral owner uses the Blank organization Atlanta address.
49034204405030000,1598286,RANCH AT DOME MOUNTAIN LLC,9.23,Park,3223 HOWELL MILL RD NW,,,ATLANTA,GA,30327-4105,,,"S04, T07 S, R07 E, C.O.S. 2755, PARCEL C, ACRES 9.23",07 S,07 E,04,ARTHUR BLANK / AMB WEST,Auster / Ranch at Dome Mountain,Official AMB West pages identify Auster/Ranch at Dome Mountain as Blank's fourth property; cadastral owner uses the Blank organization Atlanta address.
49043013101050000,669470,BLANK ARTHUR M,8.475,Park,3223 HOWELL MILL RD NW,,,ATLANTA,GA,30327-4105,,SAWYER LISA,"S13, T06 S, R06 E, C.O.S. 2321, PARCEL 5A-1",06 S,06 E,13,ARTHUR BLANK / AMB WEST,Auster / Ranch at Dome Mountain,Direct Arthur M. Blank cadastral ownership at the same 3223 Howell Mill Road Atlanta address as Ranch at Dome Mountain LLC.
49034204405010000,664580,RANCH AT DOME MOUNTAIN LLC,5.28,Park,3223 HOWELL MILL RD NW,,,ATLANTA,GA,30327-4105,,,"S04, T07 S, R07 E, C.O.S. 2755, PARCEL B, ACRES 5.28, TRACT 4 PARCELS 1 & 2 OF DEED#427877",07 S,07 E,04,ARTHUR BLANK / AMB WEST,Auster / Ranch at Dome Mountain,Official AMB West pages identify Auster/Ranch at Dome Mountain as Blank's fourth property; cadastral owner uses the Blank organization Atlanta address.
49034209402010000,664649,RANCH AT DOME MOUNTAIN LLC,5.122,Park,3223 HOWELL MILL RD NW,,,ATLANTA,GA,30327-4105,,,"S09, T07 S, R07 E, C.O.S. COS 747",07 S,07 E,09,ARTHUR BLANK / AMB WEST,Auster / Ranch at Dome Mountain,Official AMB West pages identify Auster/Ranch at Dome Mountain as Blank's fourth property; cadastral owner uses the Blank organization Atlanta address.
49043001101010000,670346,MOUNTAIN SKY GUEST RANCH LLC,713.199,Park,PO BOX 1219,,,EMIGRANT,MT,59027-1219,,,"S01, T06 S, R06 E, LOTS 1 THRU 12. SW4, SE4 (ALL)",06 S,06 E,01,ARTHUR BLANK / AMB WEST,Mountain Sky Guest Ranch,Official AMB West page says Arthur Blank purchased Mountain Sky in 2001; current Montana Water Court records also jointly identify Arthur M. Blank and Mountain Sky Guest Ranch LLC.
49043109301010000,670493,MOUNTAIN SKY GUEST RANCH LLC,647.723,Park,MAIL TO:  YANCEY ARTEBURN,PO BOX 1219,,EMIGRANT,MT,59027-1219,,,"S09, T06 S, R07 E, C.O.S. 1696, ALL",06 S,07 E,09,ARTHUR BLANK / AMB WEST,Mountain Sky Guest Ranch,Official AMB West page says Arthur Blank purchased Mountain Sky in 2001; current Montana Water Court records also jointly identify Arthur M. Blank and Mountain Sky Guest Ranch LLC.
49043120301010000,669467,MOUNTAIN SKY GUEST RANCH LLC,611.841,Park,MAIL TO: YANCEY ARTEBURN,PO BOX 1219,,EMIGRANT,MT,59027-1219,,,"S20, T06 S, R07 E, C.O.S. 2131, ACRES 611.841, ALL LESS PARCEL CW",06 S,07 E,20,ARTHUR BLANK / AMB WEST,Mountain Sky Guest Ranch,Official AMB West page says Arthur Blank purchased Mountain Sky in 2001; current Montana Water Court records also jointly identify Arthur M. Blank and Mountain Sky Guest Ranch LLC.
49043119101010000,669469,MOUNTAIN SKY GUEST RANCH LLC,598.75,Park,MAIL TO: YANCEY ARTEBURN,PO BOX 1219,,EMIGRANT,MT,59027-1219,,,"S19, T06 S, R07 E, C.O.S. 1696, ACRES 598.75, ALL SEC 19 & PCL MS-1 OF COS 2131",06 S,07 E,19,ARTHUR BLANK / AMB WEST,Mountain Sky Guest Ranch,Official AMB West page says Arthur Blank purchased Mountain Sky in 2001; current Montana Water Court records also jointly identify Arthur M. Blank and Mountain Sky Guest Ranch LLC.
49043108401010000,670492,MOUNTAIN SKY GUEST RANCH LLC,567.978,Park,MAIL TO:  YANCEY ARTEBURN,PO BOX 1219,,EMIGRANT,MT,59027-1219,,,"S08, T06 S, R07 E, C.O.S. 1696, N2, E2SW4, SE4",06 S,07 E,08,ARTHUR BLANK / AMB WEST,Mountain Sky Guest Ranch,Official AMB West page says Arthur Blank purchased Mountain Sky in 2001; current Montana Water Court records also jointly identify Arthur M. Blank and Mountain Sky Guest Ranch LLC.
49043117101010000,668986,MOUNTAIN SKY GUEST RANCH LLC,560.286,Park,MAIL TO:  YANCEY ARTEBURN,PO BOX 1219,,EMIGRANT,MT,59027-1219,,,"S17, T06 S, R07 E, POR N OF BIG CR (REFERENCE COS 1696)",06 S,07 E,17,ARTHUR BLANK / AMB WEST,Mountain Sky Guest Ranch,Official AMB West page says Arthur Blank purchased Mountain Sky in 2001; current Montana Water Court records also jointly identify Arthur M. Blank and Mountain Sky Guest Ranch LLC.
49043121301010000,669468,MOUNTAIN SKY GUEST RANCH LLC,459.211,Park,MAIL TO: YANCEY ARTEBURN,PO BOX 1219,,EMIGRANT,MT,59027-1219,,,"S21, T06 S, R07 E, C.O.S. 1391, ACRES 459.211, ALL LESS CS1391 & 180A & MS-2",06 S,07 E,21,ARTHUR BLANK / AMB WEST,Mountain Sky Guest Ranch,Official AMB West page says Arthur Blank purchased Mountain Sky in 2001; current Montana Water Court records also jointly identify Arthur M. Blank and Mountain Sky Guest Ranch LLC.
49043114401010000,670358,MOUNTAIN SKY GUEST RANCH LLC,322.9,Park,MAIL TO: Dylan King,PO BOX 1219,,EMIGRANT,MT,59027-1219,,,"S14, T06 S, R07 E, COS 1720, PARCEL BX",06 S,07 E,14,ARTHUR BLANK / AMB WEST,Mountain Sky Guest Ranch,Official AMB West page says Arthur Blank purchased Mountain Sky in 2001; current Montana Water Court records also jointly identify Arthur M. Blank and Mountain Sky Guest Ranch LLC.
49043110301010000,670494,MOUNTAIN SKY GUEST RANCH LLC,306.439,Park,MAIL TO:  YANCEY ARTEBURN,PO BOX 1219,,EMIGRANT,MT,59027-1219,,,"S10, T06 S, R07 E, S2SW4NE4, S2S2NW4, SW4, W2SE4 (REFERENCE COS 1696)",06 S,07 E,10,ARTHUR BLANK / AMB WEST,Mountain Sky Guest Ranch,Official AMB West page says Arthur Blank purchased Mountain Sky in 2001; current Montana Water Court records also jointly identify Arthur M. Blank and Mountain Sky Guest Ranch LLC.
49043118301010000,668983,MOUNTAIN SKY GUEST RANCH LLC,267.486,Park,PO BOX 1219,,,EMIGRANT,MT,59027-1219,,,"S18, T06 S, R07 E, C.O.S. 2321, PARCEL 4A-1, ACRES 267.486",06 S,07 E,18,ARTHUR BLANK / AMB WEST,Mountain Sky Guest Ranch,Official AMB West page says Arthur Blank purchased Mountain Sky in 2001; current Montana Water Court records also jointly identify Arthur M. Blank and Mountain Sky Guest Ranch LLC.
49043113101010000,670451,MOUNTAIN SKY GUEST RANCH LLC,259.0,Park,MAIL TO: YANCEY ARTEBURN,PO BOX 1219,,EMIGRANT,MT,59027-1219,,,"S13, T06 S, R07 E, POR LOTS 1,2,3,4, N OF DRY CRK & N & W OF HWY, POR N2NE4, N2NW4, SW4NW4",06 S,07 E,13,ARTHUR BLANK / AMB WEST,Mountain Sky Guest Ranch,Official AMB West page says Arthur Blank purchased Mountain Sky in 2001; current Montana Water Court records also jointly identify Arthur M. Blank and Mountain Sky Guest Ranch LLC.
49043115301010000,670353,MOUNTAIN SKY GUEST RANCH LLC,258.709,Park,MAIL TO: Dylan King,PO BOX 1219,,EMIGRANT,MT,59027-1219,,,"S15, T06 S, R07 E, S2 (REFERENCE COS 1696)",06 S,07 E,15,ARTHUR BLANK / AMB WEST,Mountain Sky Guest Ranch,Official AMB West page says Arthur Blank purchased Mountain Sky in 2001; current Montana Water Court records also jointly identify Arthur M. Blank and Mountain Sky Guest Ranch LLC.
49043107401010000,670345,MOUNTAIN SKY GUEST RANCH LLC,178.37,Park,MAIL TO YANCEY ARTEBURN,PO BOX 1219,,EMIGRANT,MT,59027-1219,,CROWLEY MATT,"S07, T06 S, R07 E, C.O.S. 2218, PARCEL CS",06 S,07 E,07,ARTHUR BLANK / AMB WEST,Mountain Sky Guest Ranch,Official AMB West page says Arthur Blank purchased Mountain Sky in 2001; current Montana Water Court records also jointly identify Arthur M. Blank and Mountain Sky Guest Ranch LLC.
49043115201010000,670495,MOUNTAIN SKY GUEST RANCH LLC,162.751,Park,MAIL TO:  YANCEY ARTEBURN,PO BOX 1219,,EMIGRANT,MT,59027-1219,,,"S15, T06 S, R07 E, C.O.S. 1696, NW4",06 S,07 E,15,ARTHUR BLANK / AMB WEST,Mountain Sky Guest Ranch,Official AMB West page says Arthur Blank purchased Mountain Sky in 2001; current Montana Water Court records also jointly identify Arthur M. Blank and Mountain Sky Guest Ranch LLC.
49043105101010000,669224,MOUNTAIN SKY GUEST RANCH LLC,160.0,Park,MAIL TO: YANCEY ARTEBURN,PO BOX 1219,,EMIGRANT,MT,59027-1219,,,"S05, T06 S, R07 E, NE4 (REFERENCE COS 1877)",06 S,07 E,05,ARTHUR BLANK / AMB WEST,Mountain Sky Guest Ranch,Official AMB West page says Arthur Blank purchased Mountain Sky in 2001; current Montana Water Court records also jointly identify Arthur M. Blank and Mountain Sky Guest Ranch LLC.
49043106401010000,669207,MOUNTAIN SKY GUEST RANCH LLC,160.0,Park,MAIL TO YANCEY ARTEBURN,PO BOX 1219,,EMIGRANT,MT,59027-1219,,,"S06, T06 S, R07 E, SE4",06 S,07 E,06,ARTHUR BLANK / AMB WEST,Mountain Sky Guest Ranch,Official AMB West page says Arthur Blank purchased Mountain Sky in 2001; current Montana Water Court records also jointly identify Arthur M. Blank and Mountain Sky Guest Ranch LLC.
49043105301070000,670539,MOUNTAIN SKY GUEST RANCH LLC,160.0,Park,MAIL TO: YANCEY ARTEBURN,PO BOX 1219,,EMIGRANT,MT,59027-1219,,,"S05, T06 S, R07 E, SW4",06 S,07 E,05,ARTHUR BLANK / AMB WEST,Mountain Sky Guest Ranch,Official AMB West page says Arthur Blank purchased Mountain Sky in 2001; current Montana Water Court records also jointly identify Arthur M. Blank and Mountain Sky Guest Ranch LLC.
49043105401010000,669380,MOUNTAIN SKY GUEST RANCH,160.0,Park,MAIL TO YANCEY ARTEBURN,PO BOX 1219,,EMIGRANT,MT,59027-1219,,,"S05, T06 S, R07 E, SE4",06 S,07 E,05,ARTHUR BLANK / AMB WEST,Mountain Sky Guest Ranch,Punctuation/suffix variant of Mountain Sky Guest Ranch at the identical PO Box 1219 Emigrant ranch-management address.
49043107301010000,669209,MOUNTAIN SKY GUEST RANCH LLC,150.34,Park,PO BOX 1219,,,EMIGRANT,MT,59027-1219,,,"S07, T06 S, R07 E, SW4",06 S,07 E,07,ARTHUR BLANK / AMB WEST,Mountain Sky Guest Ranch,Official AMB West page says Arthur Blank purchased Mountain Sky in 2001; current Montana Water Court records also jointly identify Arthur M. Blank and Mountain Sky Guest Ranch LLC.
49043107201010000,669210,MOUNTAIN SKY GUEST RANCH LLC,146.82,Park,PO BOX 1219,,,EMIGRANT,MT,59027-1219,,,"S07, T06 S, R07 E, NW4",06 S,07 E,07,ARTHUR BLANK / AMB WEST,Mountain Sky Guest Ranch,Official AMB West page says Arthur Blank purchased Mountain Sky in 2001; current Montana Water Court records also jointly identify Arthur M. Blank and Mountain Sky Guest Ranch LLC.
49043107401050000,669479,MOUNTAIN SKY GUEST RANCH LLC,93.99,Park,MAIL TO: YANCEY ARTEBURN,PO BOX 1219,,EMIGRANT,MT,59027-1219,,,"S07, T06 S, R07 E, C.O.S. 2218, PARCEL KN",06 S,07 E,07,ARTHUR BLANK / AMB WEST,Mountain Sky Guest Ranch,Official AMB West page says Arthur Blank purchased Mountain Sky in 2001; current Montana Water Court records also jointly identify Arthur M. Blank and Mountain Sky Guest Ranch LLC.
49043123201010000,670355,MOUNTAIN SKY GUEST RANCH LLC,86.893,Park,MAIL TO: Dylan King,PO BOX 1219,,EMIGRANT,MT,59027-1219,,,"S23, T06 S, R07 E, C.O.S. 1696, POR W2 N OF BIG CREEK & W OF COS 1720",06 S,07 E,23,ARTHUR BLANK / AMB WEST,Mountain Sky Guest Ranch,Official AMB West page says Arthur Blank purchased Mountain Sky in 2001; current Montana Water Court records also jointly identify Arthur M. Blank and Mountain Sky Guest Ranch LLC.
49043114301010000,670352,MOUNTAIN SKY GUEST RANCH LLC,74.429,Park,MAIL TO: Dylan King,PO BOX 1219,,EMIGRANT,MT,59027-1219,,,"S14, T06 S, R07 E, SW4 LESS COS 1720 (REFERENCE COS 1696)",06 S,07 E,14,ARTHUR BLANK / AMB WEST,Mountain Sky Guest Ranch,Official AMB West page says Arthur Blank purchased Mountain Sky in 2001; current Montana Water Court records also jointly identify Arthur M. Blank and Mountain Sky Guest Ranch LLC.
49043122101100000,670354,MOUNTAIN SKY GUEST RANCH LLC,68.338,Park,MAIL TO: Dylan King,PO BOX 1219,,EMIGRANT,MT,59027-1219,,,"S22, T06 S, R07 E, C.O.S. 1696, N2 N OF COS 1391",06 S,07 E,22,ARTHUR BLANK / AMB WEST,Mountain Sky Guest Ranch,Official AMB West page says Arthur Blank purchased Mountain Sky in 2001; current Montana Water Court records also jointly identify Arthur M. Blank and Mountain Sky Guest Ranch LLC.
49043107101010000,669208,MOUNTAIN SKY GUEST RANCH LLC,46.62,Park,MAIL TO YANCEY ARTEBURN,PO BOX 1219,,EMIGRANT,MT,59027-1219,,,"S07, T06 S, R07 E, NE4NE4, POR  NW4NE4",06 S,07 E,07,ARTHUR BLANK / AMB WEST,Mountain Sky Guest Ranch,Official AMB West page says Arthur Blank purchased Mountain Sky in 2001; current Montana Water Court records also jointly identify Arthur M. Blank and Mountain Sky Guest Ranch LLC.
49043105201010000,670535,MOUNTAIN SKY GUEST RANCH LLC,40.376,Park,MAIL TO YANCEY ARTEBURN,PO BOX 1219,,EMIGRANT,MT,59027-1219,,,"S05, T06 S, R07 E, C.O.S. 1711, PARCEL 4, REFERENCE COS 1877",06 S,07 E,05,ARTHUR BLANK / AMB WEST,Mountain Sky Guest Ranch,Official AMB West page says Arthur Blank purchased Mountain Sky in 2001; current Montana Water Court records also jointly identify Arthur M. Blank and Mountain Sky Guest Ranch LLC.
49043105210100000,670538,MOUNTAIN SKY GUEST RANCH LLC,40.317,Park,MAIL TO: YANCEY ARTEBURN,PO BOX 1219,,EMIGRANT,MT,59027-1219,,,"S05, T06 S, R07 E, C.O.S. 1711, PARCEL 3, REFERENCE COS 1877",06 S,07 E,05,ARTHUR BLANK / AMB WEST,Mountain Sky Guest Ranch,Official AMB West page says Arthur Blank purchased Mountain Sky in 2001; current Montana Water Court records also jointly identify Arthur M. Blank and Mountain Sky Guest Ranch LLC.
49043108301100000,669075,MOUNTAIN SKY GUEST RANCH LLC,40.226,Park,MAIL TO YANCEY ARTEBURN,PO BOX 1219,,EMIGRANT,MT,59027-1219,,,"S08, T06 S, R07 E, C.O.S. 1303, PARCEL 1",06 S,07 E,08,ARTHUR BLANK / AMB WEST,Mountain Sky Guest Ranch,Official AMB West page says Arthur Blank purchased Mountain Sky in 2001; current Montana Water Court records also jointly identify Arthur M. Blank and Mountain Sky Guest Ranch LLC.
49043108301010000,669480,MOUNTAIN SKY GUEST RANCH,40.21,Park,MAIL TO YANCEY ARTEBURN,PO BOX 1219,,EMIGRANT,MT,59027-1219,,,"S08, T06 S, R07 E, C.O.S. 2218, PARCEL SW4SW4",06 S,07 E,08,ARTHUR BLANK / AMB WEST,Mountain Sky Guest Ranch,Punctuation/suffix variant of Mountain Sky Guest Ranch at the identical PO Box 1219 Emigrant ranch-management address.
49043118101100000,668985,MOUNTAIN SKY GUEST RANCH LLC,40.0,Park,MAIL TO:  YANCEY ARTEBURN,PO BOX 1219,,EMIGRANT,MT,59027-1219,,,"S18, T06 S, R07 E, C.O.S. 415, PARCEL 1 & 3",06 S,07 E,18,ARTHUR BLANK / AMB WEST,Mountain Sky Guest Ranch,Official AMB West page says Arthur Blank purchased Mountain Sky in 2001; current Montana Water Court records also jointly identify Arthur M. Blank and Mountain Sky Guest Ranch LLC.
49043115101030000,669856,MOUNTAIN SKY GUEST RANCH LLC,27.95,Park,MAIL TO: YANCEY ARTEBURN,PO BOX 1219,,EMIGRANT,MT,59027-1219,,,"GLASTONBURY SOUTH, S15, T06 S, R07 E, Lot 013",06 S,07 E,15,ARTHUR BLANK / AMB WEST,Mountain Sky Guest Ranch,Official AMB West page says Arthur Blank purchased Mountain Sky in 2001; current Montana Water Court records also jointly identify Arthur M. Blank and Mountain Sky Guest Ranch LLC.
49043114150100000,669862,MOUNTAIN SKY GUEST RANCH LLC,26.137,Park,MAIL TO: YANCEY ARTEBURN,PO BOX 1219,,EMIGRANT,MT,59027-1219,,,"GLASTONBURY SOUTH, S14, T06 S, R07 E, Lot 03A, COS 1642",06 S,07 E,14,ARTHUR BLANK / AMB WEST,Mountain Sky Guest Ranch,Official AMB West page says Arthur Blank purchased Mountain Sky in 2001; current Montana Water Court records also jointly identify Arthur M. Blank and Mountain Sky Guest Ranch LLC.
49043123201050000,668984,MOUNTAIN SKY GUEST RANCH LLC,24.9,Park,MAIL TO: YANCEY ARTEBURN,PO BOX 1219,,EMIGRANT,MT,59027-1219,,,"S23, T06 S, R07 E, C.O.S. 593, POR E2NW4",06 S,07 E,23,ARTHUR BLANK / AMB WEST,Mountain Sky Guest Ranch,Official AMB West page says Arthur Blank purchased Mountain Sky in 2001; current Montana Water Court records also jointly identify Arthur M. Blank and Mountain Sky Guest Ranch LLC.
49043114201040000,669851,MOUNTAIN SKY GUEST RANCH LLC,24.87,Park,MAIL TO: YANCEY ARTEBURN,PO BOX 1219,,EMIGRANT,MT,59027-1219,,,"GLASTONBURY SOUTH, S14, T06 S, R07 E, Lot 011",06 S,07 E,14,ARTHUR BLANK / AMB WEST,Mountain Sky Guest Ranch,Official AMB West page says Arthur Blank purchased Mountain Sky in 2001; current Montana Water Court records also jointly identify Arthur M. Blank and Mountain Sky Guest Ranch LLC.
49043114101040000,669847,MOUNTAIN SKY GUEST RANCH LLC,23.99,Park,MAIL TO: YANCEY ARTEBURN,PO BOX 1219,,EMIGRANT,MT,59027-1219,,,"GLASTONBURY SOUTH, S14, T06 S, R07 E, Lot 004",06 S,07 E,14,ARTHUR BLANK / AMB WEST,Mountain Sky Guest Ranch,Official AMB West page says Arthur Blank purchased Mountain Sky in 2001; current Montana Water Court records also jointly identify Arthur M. Blank and Mountain Sky Guest Ranch LLC.
49043114190100000,669861,MOUNTAIN SKY GUEST RANCH LLC,23.856,Park,MAIL TO: YANCEY ARTEBURN,PO BOX 1219,,EMIGRANT,MT,59027-1219,,,"GLASTONBURY SOUTH, S14, T06 S, R07 E, Lot 01A, COS 1642",06 S,07 E,14,ARTHUR BLANK / AMB WEST,Mountain Sky Guest Ranch,Official AMB West page says Arthur Blank purchased Mountain Sky in 2001; current Montana Water Court records also jointly identify Arthur M. Blank and Mountain Sky Guest Ranch LLC.
49043114201030000,669850,MOUNTAIN SKY GUEST RANCH LLC,21.25,Park,MAIL TO: YANCEY ARTEBURN,PO BOX 1219,,EMIGRANT,MT,59027-1219,,,"GLASTONBURY SOUTH, S14, T06 S, R07 E, Lot 007",06 S,07 E,14,ARTHUR BLANK / AMB WEST,Mountain Sky Guest Ranch,Official AMB West page says Arthur Blank purchased Mountain Sky in 2001; current Montana Water Court records also jointly identify Arthur M. Blank and Mountain Sky Guest Ranch LLC.
49043115101050000,669858,MOUNTAIN SKY GUEST RANCH LLC,20.96,Park,MAIL TO: YANCEY ARTEBURN,PO BOX 1219,,EMIGRANT,MT,59027-1219,,,"GLASTONBURY SOUTH, S15, T06 S, R07 E, Lot 016",06 S,07 E,15,ARTHUR BLANK / AMB WEST,Mountain Sky Guest Ranch,Official AMB West page says Arthur Blank purchased Mountain Sky in 2001; current Montana Water Court records also jointly identify Arthur M. Blank and Mountain Sky Guest Ranch LLC.
49043114201020000,669849,MOUNTAIN SKY GUEST RANCH LLC,20.88,Park,MAIL TO: YANCEY ARTEBURN,PO BOX 1219,,EMIGRANT,MT,59027-1219,,,"GLASTONBURY SOUTH, S14, T06 S, R07 E, Lot 009",06 S,07 E,14,ARTHUR BLANK / AMB WEST,Mountain Sky Guest Ranch,Official AMB West page says Arthur Blank purchased Mountain Sky in 2001; current Montana Water Court records also jointly identify Arthur M. Blank and Mountain Sky Guest Ranch LLC.
49043114101050000,669848,MOUNTAIN SKY GUEST RANCH LLC,20.76,Park,MAIL TO: YANCEY ARTEBURN,PO BOX 1219,,EMIGRANT,MT,59027-1219,,,"GLASTONBURY SOUTH, S14, T06 S, R07 E, Lot 005",06 S,07 E,14,ARTHUR BLANK / AMB WEST,Mountain Sky Guest Ranch,Official AMB West page says Arthur Blank purchased Mountain Sky in 2001; current Montana Water Court records also jointly identify Arthur M. Blank and Mountain Sky Guest Ranch LLC.
49043115101060000,669859,MOUNTAIN SKY GUEST RANCH LLC,20.58,Park,MAIL TO: YANCEY ARTEBURN,PO BOX 1219,,EMIGRANT,MT,59027-1219,,,"GLASTONBURY SOUTH, S15, T06 S, R07 E, Lot 010",06 S,07 E,15,ARTHUR BLANK / AMB WEST,Mountain Sky Guest Ranch,Official AMB West page says Arthur Blank purchased Mountain Sky in 2001; current Montana Water Court records also jointly identify Arthur M. Blank and Mountain Sky Guest Ranch LLC.
49043115101010000,669854,MOUNTAIN SKY GUEST RANCH LLC,20.07,Park,MAIL TO: YANCEY ARTEBURN,PO BOX 1219,,EMIGRANT,MT,59027-1219,,,"GLASTONBURY SOUTH, S15, T06 S, R07 E, Lot 17",06 S,07 E,15,ARTHUR BLANK / AMB WEST,Mountain Sky Guest Ranch,Official AMB West page says Arthur Blank purchased Mountain Sky in 2001; current Montana Water Court records also jointly identify Arthur M. Blank and Mountain Sky Guest Ranch LLC.
49043115101070000,669860,MOUNTAIN SKY GUEST RANCH LLC,20.02,Park,MAIL TO: YANCEY ARTEBURN,PO BOX 1219,,EMIGRANT,MT,59027-1219,,,"GLASTONBURY SOUTH, S15, T06 S, R07 E, Lot 012",06 S,07 E,15,ARTHUR BLANK / AMB WEST,Mountain Sky Guest Ranch,Official AMB West page says Arthur Blank purchased Mountain Sky in 2001; current Montana Water Court records also jointly identify Arthur M. Blank and Mountain Sky Guest Ranch LLC.
49043115101040000,669857,MOUNTAIN SKY GUEST RANCH LLC,20.01,Park,MAIL TO: YANCEY ARTEBURN,PO BOX 1219,,EMIGRANT,MT,59027-1219,,,"GLASTONBURY SOUTH, S15, T06 S, R07 E, Lot 015",06 S,07 E,15,ARTHUR BLANK / AMB WEST,Mountain Sky Guest Ranch,Official AMB West page says Arthur Blank purchased Mountain Sky in 2001; current Montana Water Court records also jointly identify Arthur M. Blank and Mountain Sky Guest Ranch LLC.
49043118106070000,669148,MOUNTAIN SKY GUEST RANCH LLC,20.0,Park,MAIL TO:  YANCEY ARTEBURN,PO BOX 1219,,EMIGRANT,MT,59027-1219,,,"S18, T06 S, R07 E, C.O.S. 415, PARCEL 2",06 S,07 E,18,ARTHUR BLANK / AMB WEST,Mountain Sky Guest Ranch,Official AMB West page says Arthur Blank purchased Mountain Sky in 2001; current Montana Water Court records also jointly identify Arthur M. Blank and Mountain Sky Guest Ranch LLC.
49043114101030000,669846,MOUNTAIN SKY GUEST RANCH LLC,20.0,Park,MAIL TO: YANCEY ARTEBURN,PO BOX 1219,,EMIGRANT,MT,59027-1219,,,"GLASTONBURY SOUTH, S14, T06 S, R07 E, Lot 002",06 S,07 E,14,ARTHUR BLANK / AMB WEST,Mountain Sky Guest Ranch,Official AMB West page says Arthur Blank purchased Mountain Sky in 2001; current Montana Water Court records also jointly identify Arthur M. Blank and Mountain Sky Guest Ranch LLC.
49043114201050000,669852,MOUNTAIN SKY GUEST RANCH LLC,20.0,Park,MAIL TO: YANCEY ARTEBURN,PO BOX 1219,,EMIGRANT,MT,59027-1219,,,"GLASTONBURY SOUTH, S14, T06 S, R07 E, Lot 006",06 S,07 E,14,ARTHUR BLANK / AMB WEST,Mountain Sky Guest Ranch,Official AMB West page says Arthur Blank purchased Mountain Sky in 2001; current Montana Water Court records also jointly identify Arthur M. Blank and Mountain Sky Guest Ranch LLC.
49043114201060000,669853,MOUNTAIN SKY GUEST RANCH LLC,20.0,Park,MAIL TO: YANCEY ARTEBURN,PO BOX 1219,,EMIGRANT,MT,59027-1219,,,"GLASTONBURY SOUTH, S14, T06 S, R07 E, Lot 008",06 S,07 E,14,ARTHUR BLANK / AMB WEST,Mountain Sky Guest Ranch,Official AMB West page says Arthur Blank purchased Mountain Sky in 2001; current Montana Water Court records also jointly identify Arthur M. Blank and Mountain Sky Guest Ranch LLC.
49043115101020000,669855,MOUNTAIN SKY GUEST RANCH LLC,20.0,Park,MAIL TO: YANCEY ARTEBURN,PO BOX 1219,,EMIGRANT,MT,59027-1219,,,"GLASTONBURY SOUTH, S15, T06 S, R07 E, Lot 014",06 S,07 E,15,ARTHUR BLANK / AMB WEST,Mountain Sky Guest Ranch,Official AMB West page says Arthur Blank purchased Mountain Sky in 2001; current Montana Water Court records also jointly identify Arthur M. Blank and Mountain Sky Guest Ranch LLC.
49043113290900000,669371,MOUNTAIN SKY GUEST RANCH LLC,14.31,Park,MAIL TO YANCY ARTERBURN GENERAL MANAGER,PO BOX 1219,,EMIGRANT,MT,59027-1219,,,"S13, T06 S, R07 E, POR ABANDONED RLY",06 S,07 E,13,ARTHUR BLANK / AMB WEST,Mountain Sky Guest Ranch,Official AMB West page says Arthur Blank purchased Mountain Sky in 2001; current Montana Water Court records also jointly identify Arthur M. Blank and Mountain Sky Guest Ranch LLC.
49043126201030000,670356,MOUNTAIN SKY GUEST RANCH LLC,4.299,Park,MAIL TO: Dylan King,PO BOX 1219,,EMIGRANT,MT,59027-1219,,,"S26, T06 S, R07 E, LOT 1 OF SD 193 (REFERENCE COS 1696)",06 S,07 E,26,ARTHUR BLANK / AMB WEST,Mountain Sky Guest Ranch,Official AMB West page says Arthur Blank purchased Mountain Sky in 2001; current Montana Water Court records also jointly identify Arthur M. Blank and Mountain Sky Guest Ranch LLC.
49043112301010000,669884,MOUNTAIN SKY GUEST RANCH LLC,2.26,Park,PO BOX 1219,,,EMIGRANT,MT,59027-1219,,,"GLASTONBURY SOUTH, S12, T06 S, R07 E, Lot 26D, SD 285 GLASTONBURY SOUTH",06 S,07 E,12,ARTHUR BLANK / AMB WEST,Mountain Sky Guest Ranch,Official AMB West page says Arthur Blank purchased Mountain Sky in 2001; current Montana Water Court records also jointly identify Arthur M. Blank and Mountain Sky Guest Ranch LLC.
49043123201100000,670357,MOUNTAIN SKY GUEST RANCH LLC,0.47,Park,MAIL TO: Dylan King,PO BOX 1219,,EMIGRANT,MT,59027-1219,,,"S23, T06 S, R07 E, POR W2",06 S,07 E,23,ARTHUR BLANK / AMB WEST,Mountain Sky Guest Ranch,Official AMB West page says Arthur Blank purchased Mountain Sky in 2001; current Montana Water Court records also jointly identify Arthur M. Blank and Mountain Sky Guest Ranch LLC.
49060613101010000,661713,PARADISE VALLEY RANCH LLC,640.0,Park,PO BOX 318,,,EMIGRANT,MT,59027-0318,,,"S13, T04 S, R08 E, ALL",04 S,08 E,13,ARTHUR BLANK / AMB WEST,Paradise Valley Ranch,Official AMB West page says Arthur Blank purchased PVR in 2019; cadastral owner uses AMB West's shared PO Box 318 Emigrant address.
49060707101010000,661726,PARADISE VALLEY RANCH LLC,637.0,Park,PO BOX 318,,,EMIGRANT,MT,59027-0318,,,"S07, T04 S, R09 E, ALL",04 S,09 E,07,ARTHUR BLANK / AMB WEST,Paradise Valley Ranch,Official AMB West page says Arthur Blank purchased PVR in 2019; cadastral owner uses AMB West's shared PO Box 318 Emigrant address.
49060601101010000,661739,PARADISE VALLEY RANCH LLC,635.2,Park,PO BOX 318,,,EMIGRANT,MT,59027-0318,,,"S01, T04 S, R08 E, ALL",04 S,08 E,01,ARTHUR BLANK / AMB WEST,Paradise Valley Ranch,Official AMB West page says Arthur Blank purchased PVR in 2019; cadastral owner uses AMB West's shared PO Box 318 Emigrant address.
49060717101010000,661733,PARADISE VALLEY RANCH LLC,625.0,Park,PO BOX 318,,,EMIGRANT,MT,59027-0318,,,"S17, T04 S, R09 E, ALL LESS S/D 314",04 S,09 E,17,ARTHUR BLANK / AMB WEST,Paradise Valley Ranch,Official AMB West page says Arthur Blank purchased PVR in 2019; cadastral owner uses AMB West's shared PO Box 318 Emigrant address.
49060624101010000,661762,PARADISE VALLEY RANCH LLC,595.16,Park,PO BOX 318,,,EMIGRANT,MT,59027-0318,,,"S24, T04 S, R08 E, ACRES 595.16, ALL LESS SE4SE4 & POR COS 2187",04 S,08 E,24,ARTHUR BLANK / AMB WEST,Paradise Valley Ranch,Official AMB West page says Arthur Blank purchased PVR in 2019; cadastral owner uses AMB West's shared PO Box 318 Emigrant address.
49060612101010000,661711,PARADISE VALLEY RANCH LLC,548.883,Park,PO BOX 318,,,EMIGRANT,MT,59027-0318,,,"S12, T04 S, R08 E, ALL LESS COS 1525 IN SE4",04 S,08 E,12,ARTHUR BLANK / AMB WEST,Paradise Valley Ranch,Official AMB West page says Arthur Blank purchased PVR in 2019; cadastral owner uses AMB West's shared PO Box 318 Emigrant address.
49060730101010000,661732,PARADISE VALLEY RANCH LLC,479.4,Park,PO BOX 318,,,EMIGRANT,MT,59027-0318,,,"S30, T04 S, R09 E, N2, SE4",04 S,09 E,30,ARTHUR BLANK / AMB WEST,Paradise Valley Ranch,Official AMB West page says Arthur Blank purchased PVR in 2019; cadastral owner uses AMB West's shared PO Box 318 Emigrant address.
49060718201010000,661728,PARADISE VALLEY RANCH LLC,436.87,Park,PO BOX 318,,,EMIGRANT,MT,59027-0318,,,"S18, T04 S, R09 E, W2NE4, SE4NE4, W2",04 S,09 E,18,ARTHUR BLANK / AMB WEST,Paradise Valley Ranch,Official AMB West page says Arthur Blank purchased PVR in 2019; cadastral owner uses AMB West's shared PO Box 318 Emigrant address.
49060719101010000,661729,PARADISE VALLEY RANCH LLC,412.66,Park,PO BOX 318,,,EMIGRANT,MT,59027-0318,,,"S19, T04 S, R09 E, ALL LESS C/S #1212 & LESS GOVT LOT 1",04 S,09 E,19,ARTHUR BLANK / AMB WEST,Paradise Valley Ranch,Official AMB West page says Arthur Blank purchased PVR in 2019; cadastral owner uses AMB West's shared PO Box 318 Emigrant address.
49060706301010000,661741,PARADISE VALLEY RANCH LLC,381.316,Park,PO BOX 318,,,EMIGRANT,MT,59027-0318,,,"S06, T04 S, R09 E, C.O.S. 1252, PARCEL 4, & LOTS 5,6,7 SW4NE4, SE4NW4, E2SW4, NW4SE4",04 S,09 E,06,ARTHUR BLANK / AMB WEST,Paradise Valley Ranch,Official AMB West page says Arthur Blank purchased PVR in 2019; cadastral owner uses AMB West's shared PO Box 318 Emigrant address.
49060704301010000,661724,PARADISE VALLEY RANCH LLC,370.66,Park,PO BOX 318,,,EMIGRANT,MT,59027-0318,,,"S04, T04 S, R09 E, ACRES 370.66, S2NE4, SW4, SE4 (ALL W OF RLY) & STRIP 30'X660' IN SE4NW4",04 S,09 E,04,ARTHUR BLANK / AMB WEST,Paradise Valley Ranch,Official AMB West page says Arthur Blank purchased PVR in 2019; cadastral owner uses AMB West's shared PO Box 318 Emigrant address.
49060705301010000,661725,PARADISE VALLEY RANCH LLC,320.0,Park,PO BOX 318,,,EMIGRANT,MT,59027-0318,,,"S05, T04 S, R09 E, S2",04 S,09 E,05,ARTHUR BLANK / AMB WEST,Paradise Valley Ranch,Official AMB West page says Arthur Blank purchased PVR in 2019; cadastral owner uses AMB West's shared PO Box 318 Emigrant address.
49060621101010000,661761,PARADISE VALLEY RANCH LLC,318.72,Park,PO BOX 318,,,EMIGRANT,MT,59027-0318,,,"S21, T04 S, R08 E, LOTS 1,2,3,4,5, SE4NW4, S2NE4",04 S,08 E,21,ARTHUR BLANK / AMB WEST,Paradise Valley Ranch,Official AMB West page says Arthur Blank purchased PVR in 2019; cadastral owner uses AMB West's shared PO Box 318 Emigrant address.
49060602101010000,661740,PARADISE VALLEY RANCH LLC,317.221,Park,PO BOX 318,,,EMIGRANT,MT,59027-0318,,,"S02, T04 S, R08 E, C.O.S. 2114, PARCEL E",04 S,08 E,02,ARTHUR BLANK / AMB WEST,Paradise Valley Ranch,Official AMB West page says Arthur Blank purchased PVR in 2019; cadastral owner uses AMB West's shared PO Box 318 Emigrant address.
49060720301010000,661731,PARADISE VALLEY RANCH LLC,240.0,Park,PO BOX 318,,,EMIGRANT,MT,59027-0318,,,"S20, T04 S, R09 E, S2NW4, SW4",04 S,09 E,20,ARTHUR BLANK / AMB WEST,Paradise Valley Ranch,Official AMB West page says Arthur Blank purchased PVR in 2019; cadastral owner uses AMB West's shared PO Box 318 Emigrant address.
49060611401010000,661717,PARADISE VALLEY RANCH LLC,238.487,Park,PO BOX 318,,,EMIGRANT,MT,59027-0318,,,"S11, T04 S, R08 E, C.O.S. 1525, PARCEL A",04 S,08 E,11,ARTHUR BLANK / AMB WEST,Paradise Valley Ranch,Official AMB West page says Arthur Blank purchased PVR in 2019; cadastral owner uses AMB West's shared PO Box 318 Emigrant address.
49060625101010000,661722,PARADISE VALLEY RANCH LLC,216.634,Park,PO BOX 318,,,EMIGRANT,MT,59027-0318,,,"S25, T04 S, R08 E, C.O.S. 1221, PARCEL B-1, & COS 244 TRACT A",04 S,08 E,25,ARTHUR BLANK / AMB WEST,Paradise Valley Ranch,Official AMB West page says Arthur Blank purchased PVR in 2019; cadastral owner uses AMB West's shared PO Box 318 Emigrant address.
49060611101010000,661710,PARADISE VALLEY RANCH LLC,189.533,Park,PO BOX 318,,,EMIGRANT,MT,59027-0318,,,"S11, T04 S, R08 E, ALL E OF CO RD LESS COS 1525 IN S2",04 S,08 E,11,ARTHUR BLANK / AMB WEST,Paradise Valley Ranch,Official AMB West page says Arthur Blank purchased PVR in 2019; cadastral owner uses AMB West's shared PO Box 318 Emigrant address.
49070333401010000,661714,PARADISE VALLEY RANCH LLC,161.066,Park,PO BOX 318,,,EMIGRANT,MT,59027-0318,,,"S33, T03 S, R09 E, C.O.S. 2222, PARCEL REMAINDER TRACT",03 S,09 E,33,ARTHUR BLANK / AMB WEST,Paradise Valley Ranch,Official AMB West page says Arthur Blank purchased PVR in 2019; cadastral owner uses AMB West's shared PO Box 318 Emigrant address.
49060708201010000,661727,PARADISE VALLEY RANCH LLC,160.0,Park,PO BOX 318,,,EMIGRANT,MT,59027-0318,,,"S08, T04 S, R09 E, NW4",04 S,09 E,08,ARTHUR BLANK / AMB WEST,Paradise Valley Ranch,Official AMB West page says Arthur Blank purchased PVR in 2019; cadastral owner uses AMB West's shared PO Box 318 Emigrant address.
49060720101010000,661826,PARADISE VALLEY RANCH LLC,159.995,Park,PO BOX 318,,,EMIGRANT,MT,59027-0318,,,"S20, T04 S, R09 E, W2NE4, N2NW4",04 S,09 E,20,ARTHUR BLANK / AMB WEST,Paradise Valley Ranch,Official AMB West page says Arthur Blank purchased PVR in 2019; cadastral owner uses AMB West's shared PO Box 318 Emigrant address.
49060705201010000,661258,PARADISE VALLEY RANCH LLC,129.289,Park,PO BOX 318,,,EMIGRANT,MT,59027-0318,,,"S05, T04 S, R09 E, C.O.S. 1252, TRACTS 5,6,7,8",04 S,09 E,05,ARTHUR BLANK / AMB WEST,Paradise Valley Ranch,Official AMB West page says Arthur Blank purchased PVR in 2019; cadastral owner uses AMB West's shared PO Box 318 Emigrant address.
49060706265010000,661260,PARADISE VALLEY RANCH LLC,122.875,Park,PO BOX 318,,,EMIGRANT,MT,59027-0318,,,"S06, T04 S, R09 E, C.O.S. 1252, PARCEL 2-3, & GOVT LOT 4",04 S,09 E,06,ARTHUR BLANK / AMB WEST,Paradise Valley Ranch,Official AMB West page says Arthur Blank purchased PVR in 2019; cadastral owner uses AMB West's shared PO Box 318 Emigrant address.
49060720105010000,661730,PARADISE VALLEY RANCH LLC,120.0,Park,PO BOX 318,,,EMIGRANT,MT,59027-0318,,,"S20, T04 S, R09 E, E2NE4, NE4SE4",04 S,09 E,20,ARTHUR BLANK / AMB WEST,Paradise Valley Ranch,Official AMB West page says Arthur Blank purchased PVR in 2019; cadastral owner uses AMB West's shared PO Box 318 Emigrant address.
49060718401010000,661825,PARADISE VALLEY RANCH LLC,115.893,Park,PO BOX 318,,,EMIGRANT,MT,59027-0318,,,"S18, T04 S, R09 E, SE4 LESS C/S #1212",04 S,09 E,18,ARTHUR BLANK / AMB WEST,Paradise Valley Ranch,Official AMB West page says Arthur Blank purchased PVR in 2019; cadastral owner uses AMB West's shared PO Box 318 Emigrant address.
49060704180010000,661865,PARADISE VALLEY RANCH LLC,114.82,Park,PO BOX 318,,,EMIGRANT,MT,59027-0318,,,"S04, T04 S, R09 E, GOVT LOTS 1,2, SE4NW4 LESS 30'X660' & LOT 10 OF COS 1252 LESS COS 1948",04 S,09 E,04,ARTHUR BLANK / AMB WEST,Paradise Valley Ranch,Official AMB West page says Arthur Blank purchased PVR in 2019; cadastral owner uses AMB West's shared PO Box 318 Emigrant address.
49070235101010000,661735,PARADISE VALLEY RANCH LLC,83.336,Park,PO BOX 318,,,EMIGRANT,MT,59027-0318,,,"S35, T03 S, R08 E, C.O.S. 2114, PARCEL C-1",03 S,08 E,35,ARTHUR BLANK / AMB WEST,Paradise Valley Ranch,Official AMB West page says Arthur Blank purchased PVR in 2019; cadastral owner uses AMB West's shared PO Box 318 Emigrant address.
49070235401010000,661738,PARADISE VALLEY RANCH LLC,78.869,Park,PO BOX 318,,,EMIGRANT,MT,59027-0318,,,"S35, T03 S, R08 E, C.O.S. 2114, PARCEL A-1",03 S,08 E,35,ARTHUR BLANK / AMB WEST,Paradise Valley Ranch,Official AMB West page says Arthur Blank purchased PVR in 2019; cadastral owner uses AMB West's shared PO Box 318 Emigrant address.
49060719270010000,661754,PARADISE VALLEY RANCH LLC,68.19,Park,PO BOX 318,,,EMIGRANT,MT,59027-0318,,,"S19, T04 S, R09 E, C.O.S. 1212, PARCEL 6, & GOVT LOT 1",04 S,09 E,19,ARTHUR BLANK / AMB WEST,Paradise Valley Ranch,Official AMB West page says Arthur Blank purchased PVR in 2019; cadastral owner uses AMB West's shared PO Box 318 Emigrant address.
49060625201100000,1620591,PARADISE VALLEY RANCH LLC,67.325,Park,PO BOX 318,,,EMIGRANT,MT,59027-0318,,,"S25, T04 S, R08 E, C.O.S. 2801RB, PARCEL 2",04 S,08 E,25,ARTHUR BLANK / AMB WEST,Paradise Valley Ranch,Official AMB West page says Arthur Blank purchased PVR in 2019; cadastral owner uses AMB West's shared PO Box 318 Emigrant address.
49060626101500000,1424241,PARADISE VALLEY RANCH LLC,67.158,Park,PO BOX 318,,,EMIGRANT,MT,59027-0318,,,"S26, T04 S, R08 E, C.O.S. 2801RB, PARCEL B-2-A, ACRES 67.158",04 S,08 E,26,ARTHUR BLANK / AMB WEST,Paradise Valley Ranch,Official AMB West page says Arthur Blank purchased PVR in 2019; cadastral owner uses AMB West's shared PO Box 318 Emigrant address.
49070235420010000,661736,PARADISE VALLEY RANCH LLC,55.464,Park,PO BOX 318,,,EMIGRANT,MT,59027-0318,,,"S35, T03 S, R08 E, C.O.S. 2114, PARCEL D-1",03 S,08 E,35,ARTHUR BLANK / AMB WEST,Paradise Valley Ranch,Official AMB West page says Arthur Blank purchased PVR in 2019; cadastral owner uses AMB West's shared PO Box 318 Emigrant address.
49070235120010000,661737,PARADISE VALLEY RANCH LLC,52.309,Park,PO BOX 318,,,EMIGRANT,MT,59027-0318,,,"S35, T03 S, R08 E, C.O.S. 2114, PARCEL B-1",03 S,08 E,35,ARTHUR BLANK / AMB WEST,Paradise Valley Ranch,Official AMB West page says Arthur Blank purchased PVR in 2019; cadastral owner uses AMB West's shared PO Box 318 Emigrant address.
49060622275010000,661764,PARADISE VALLEY RANCH LLC,40.0,Park,PO BOX 318,,,EMIGRANT,MT,59027-0318,,,"S22, T04 S, R08 E, NE4NW4",04 S,08 E,22,ARTHUR BLANK / AMB WEST,Paradise Valley Ranch,Official AMB West page says Arthur Blank purchased PVR in 2019; cadastral owner uses AMB West's shared PO Box 318 Emigrant address.
49060718180010000,661494,PARADISE VALLEY RANCH LLC,40.0,Park,PO BOX 318,,,EMIGRANT,MT,59027-0318,,,"S18, T04 S, R09 E, NE4NE4",04 S,09 E,18,ARTHUR BLANK / AMB WEST,Paradise Valley Ranch,Official AMB West page says Arthur Blank purchased PVR in 2019; cadastral owner uses AMB West's shared PO Box 318 Emigrant address.
49060719301010000,661758,PARADISE VALLEY RANCH LLC,39.36,Park,PO BOX 318,,,EMIGRANT,MT,59027-0318,,,"S19, T04 S, R09 E, C.O.S. 1212, PARCEL C",04 S,09 E,19,ARTHUR BLANK / AMB WEST,Paradise Valley Ranch,Official AMB West page says Arthur Blank purchased PVR in 2019; cadastral owner uses AMB West's shared PO Box 318 Emigrant address.
49060704201010000,661257,PARADISE VALLEY RANCH LLC,38.921,Park,PO BOX 318,,,EMIGRANT,MT,59027-0318,,,"S04, T04 S, R09 E, C.O.S. 1252, PARCEL 9",04 S,09 E,04,ARTHUR BLANK / AMB WEST,Paradise Valley Ranch,Official AMB West page says Arthur Blank purchased PVR in 2019; cadastral owner uses AMB West's shared PO Box 318 Emigrant address.
49060719202010000,661755,PARADISE VALLEY RANCH LLC,31.807,Park,PO BOX 318,,,EMIGRANT,MT,59027-0318,,,"S19, T04 S, R09 E, C.O.S. 1212, PARCEL A",04 S,09 E,19,ARTHUR BLANK / AMB WEST,Paradise Valley Ranch,Official AMB West page says Arthur Blank purchased PVR in 2019; cadastral owner uses AMB West's shared PO Box 318 Emigrant address.
49060624430010000,661766,PARADISE VALLEY RANCH LLC,24.245,Park,PO BOX 318,,,EMIGRANT,MT,59027-0318,,,"S24, T04 S, R08 E, SE4SE4 LESS C/S 244",04 S,08 E,24,ARTHUR BLANK / AMB WEST,Paradise Valley Ranch,Official AMB West page says Arthur Blank purchased PVR in 2019; cadastral owner uses AMB West's shared PO Box 318 Emigrant address.
49060718450010000,661749,PARADISE VALLEY RANCH LLC,20.73,Park,PO BOX 318,,,EMIGRANT,MT,59027-0318,,,"S18, T04 S, R09 E, C.O.S. 1212, PARCEL 1",04 S,09 E,18,ARTHUR BLANK / AMB WEST,Paradise Valley Ranch,Official AMB West page says Arthur Blank purchased PVR in 2019; cadastral owner uses AMB West's shared PO Box 318 Emigrant address.
49070331301010000,661261,PARADISE VALLEY RANCH LLC,20.726,Park,PO BOX 318,,,EMIGRANT,MT,59027-0318,,,"S31, T03 S, R09 E, C.O.S. 1252, PARCEL 1",03 S,09 E,31,ARTHUR BLANK / AMB WEST,Paradise Valley Ranch,Official AMB West page says Arthur Blank purchased PVR in 2019; cadastral owner uses AMB West's shared PO Box 318 Emigrant address.
49060718403010000,661750,PARADISE VALLEY RANCH LLC,20.477,Park,PO BOX 318,,,EMIGRANT,MT,59027-0318,,,"S18, T04 S, R09 E, C.O.S. 1212, PARCEL 2",04 S,09 E,18,ARTHUR BLANK / AMB WEST,Paradise Valley Ranch,Official AMB West page says Arthur Blank purchased PVR in 2019; cadastral owner uses AMB West's shared PO Box 318 Emigrant address.
49060719260010000,661751,PARADISE VALLEY RANCH LLC,20.38,Park,PO BOX 318,,,EMIGRANT,MT,59027-0318,,,"S19, T04 S, R09 E, C.O.S. 1212, PARCEL 3",04 S,09 E,19,ARTHUR BLANK / AMB WEST,Paradise Valley Ranch,Official AMB West page says Arthur Blank purchased PVR in 2019; cadastral owner uses AMB West's shared PO Box 318 Emigrant address.
49060719230010000,661752,PARADISE VALLEY RANCH LLC,20.28,Park,PO BOX 318,,,EMIGRANT,MT,59027-0318,,,"S19, T04 S, R09 E, C.O.S. 1212, PARCEL 4",04 S,09 E,19,ARTHUR BLANK / AMB WEST,Paradise Valley Ranch,Official AMB West page says Arthur Blank purchased PVR in 2019; cadastral owner uses AMB West's shared PO Box 318 Emigrant address.
49060719350010000,661757,PARADISE VALLEY RANCH LLC,20.279,Park,PO BOX 318,,,EMIGRANT,MT,59027-0318,,,"S19, T04 S, R09 E, C.O.S. 1212, PARCEL B",04 S,09 E,19,ARTHUR BLANK / AMB WEST,Paradise Valley Ranch,Official AMB West page says Arthur Blank purchased PVR in 2019; cadastral owner uses AMB West's shared PO Box 318 Emigrant address.
49060719380010000,661753,PARADISE VALLEY RANCH LLC,20.123,Park,PO BOX 318,,,EMIGRANT,MT,59027-0318,,,"S19, T04 S, R09 E, C.O.S. 1212, PARCEL 5",04 S,09 E,19,ARTHUR BLANK / AMB WEST,Paradise Valley Ranch,Official AMB West page says Arthur Blank purchased PVR in 2019; cadastral owner uses AMB West's shared PO Box 318 Emigrant address.
49060623225020000,661768,PARADISE VALLEY RANCH LLC,8.453,Park,PO BOX 318,,,EMIGRANT,MT,59027-0318,,,"S23, T04 S, R08 E, NE4 LESS COS 167",04 S,08 E,23,ARTHUR BLANK / AMB WEST,Paradise Valley Ranch,Official AMB West page says Arthur Blank purchased PVR in 2019; cadastral owner uses AMB West's shared PO Box 318 Emigrant address.
49043132301010000,669725,WEST CREEK RANCH LLC,640.0,Park,PO BOX 318,,,EMIGRANT,MT,59027-0318,,BRIANNE DOWNEY,"S32, T06 S, R07 E, ALL",06 S,07 E,32,ARTHUR BLANK / AMB WEST,West Creek Ranch,Official AMB West page says Arthur Blank purchased West Creek in 2017; cadastral owner uses AMB West's shared PO Box 318 Emigrant address.
49034101301010000,664970,WEST CREEK RANCH LLC,639.0,Park,PO BOX 318,,,EMIGRANT,MT,59027-0318,,BRIANNE DOWNEY,"S01, T07 S, R06 E, ACRES 639, ALL",07 S,06 E,01,ARTHUR BLANK / AMB WEST,West Creek Ranch,Official AMB West page says Arthur Blank purchased West Creek in 2017; cadastral owner uses AMB West's shared PO Box 318 Emigrant address.
49043036101010000,670541,WEST CREEK RANCH LLC,638.24,Park,PO BOX 318,,,EMIGRANT,MT,59027-0318,,BRIANNE DOWNEY,"S36, T06 S, R06 E, ALL",06 S,06 E,36,ARTHUR BLANK / AMB WEST,West Creek Ranch,Official AMB West page says Arthur Blank purchased West Creek in 2017; cadastral owner uses AMB West's shared PO Box 318 Emigrant address.
49034206301010000,669290,WEST CREEK RANCH LLC,619.45,Park,PO BOX 318,,,EMIGRANT,MT,59027-0318,,BRIANNE DOWNEY,"S06, T07 S, R07 E, ALL",07 S,07 E,06,ARTHUR BLANK / AMB WEST,West Creek Ranch,Official AMB West page says Arthur Blank purchased West Creek in 2017; cadastral owner uses AMB West's shared PO Box 318 Emigrant address.
49043131301010000,669465,WEST CREEK RANCH LLC,614.51,Park,PO BOX 318,,,EMIGRANT,MT,59027-0318,,BRIANNE DOWNEY,"S31, T06 S, R07 E, ALL",06 S,07 E,31,ARTHUR BLANK / AMB WEST,West Creek Ranch,Official AMB West page says Arthur Blank purchased West Creek in 2017; cadastral owner uses AMB West's shared PO Box 318 Emigrant address.
49043130201010000,670542,WEST CREEK RANCH LLC,529.23,Park,PO BOX 318,,,EMIGRANT,MT,59027-0318,,BRIANNE DOWNEY,"S30, T06 S, R07 E, C.O.S. COS 2131, LOTS 1-4,E2E2,NW4NE4,E2W2,SW4SE4 OESS PARCEL MS-1 OF COS 2131",06 S,07 E,30,ARTHUR BLANK / AMB WEST,West Creek Ranch,Official AMB West page says Arthur Blank purchased West Creek in 2017; cadastral owner uses AMB West's shared PO Box 318 Emigrant address.
49034205201010000,669289,WEST CREEK RANCH LLC,482.0,Park,PO BOX 318,,,EMIGRANT,MT,59027-0318,,BRIANNE DOWNEY,"S05, T07 S, R07 E, E2, NW4",07 S,07 E,05,ARTHUR BLANK / AMB WEST,West Creek Ranch,Official AMB West page says Arthur Blank purchased West Creek in 2017; cadastral owner uses AMB West's shared PO Box 318 Emigrant address.
49043133301010000,669288,WEST CREEK RANCH LLC,430.0,Park,PO BOX 318,,,EMIGRANT,MT,59027-0318,,BRIANNE DOWNEY,"S33, T06 S, R07 E, ALL LESS C/S 1391",06 S,07 E,33,ARTHUR BLANK / AMB WEST,West Creek Ranch,Official AMB West page says Arthur Blank purchased West Creek in 2017; cadastral owner uses AMB West's shared PO Box 318 Emigrant address.
49043128301010000,669755,WEST CREEK RANCH LLC,346.0,Park,PO BOX 318,,,EMIGRANT,MT,59027-0318,,BRIANNE DOWNEY,"S28, T06 S, R07 E, ALL LESS C/S 180A & 1391",06 S,07 E,28,ARTHUR BLANK / AMB WEST,West Creek Ranch,Official AMB West page says Arthur Blank purchased West Creek in 2017; cadastral owner uses AMB West's shared PO Box 318 Emigrant address.
49043129401010000,669756,WEST CREEK RANCH LLC,320.0,Park,PO BOX 318,,,EMIGRANT,MT,59027-0318,,BRIANNE DOWNEY,"S29, T06 S, R07 E, E2",06 S,07 E,29,ARTHUR BLANK / AMB WEST,West Creek Ranch,Official AMB West page says Arthur Blank purchased West Creek in 2017; cadastral owner uses AMB West's shared PO Box 318 Emigrant address.
49043129301010000,669287,WEST CREEK RANCH LLC,320.0,Park,PO BOX 318,,,EMIGRANT,MT,59027-0318,,BRIANNE DOWNEY,"S29, T06 S, R07 E, W2",06 S,07 E,29,ARTHUR BLANK / AMB WEST,West Creek Ranch,Official AMB West page says Arthur Blank purchased West Creek in 2017; cadastral owner uses AMB West's shared PO Box 318 Emigrant address.
49043134201010000,669760,WEST CREEK RANCH LLC,246.14,Park,PO BOX 318,,,EMIGRANT,MT,59027-0318,,BRIANNE DOWNEY,"S34, T06 S, R07 E, C.O.S. 1400, PARCEL 4 & 4A, E OF HWY",06 S,07 E,34,ARTHUR BLANK / AMB WEST,West Creek Ranch,Official AMB West page says Arthur Blank purchased West Creek in 2017; cadastral owner uses AMB West's shared PO Box 318 Emigrant address.
49043134201020000,669758,WEST CREEK RANCH LLC,243.26,Park,PO BOX 318,,,EMIGRANT,MT,59027-0318,,BRIANNE DOWNEY,"S34, T06 S, R07 E, C.O.S. COS 1391, PARCEL 001",06 S,07 E,34,ARTHUR BLANK / AMB WEST,West Creek Ranch,Official AMB West page says Arthur Blank purchased West Creek in 2017; cadastral owner uses AMB West's shared PO Box 318 Emigrant address.
49034204201150000,669757,WEST CREEK RANCH LLC,160.96,Park,PO BOX 318,,,EMIGRANT,MT,59027-0318,,BRIANNE DOWNEY,"S04, T07 S, R07 E, GOVT TRACT 38 (GOVT LOTS 2,3, S2NW4)",07 S,07 E,04,ARTHUR BLANK / AMB WEST,West Creek Ranch,Official AMB West page says Arthur Blank purchased West Creek in 2017; cadastral owner uses AMB West's shared PO Box 318 Emigrant address.
49034204201100000,669291,WEST CREEK RANCH LLC,136.85,Park,PO BOX 318,,,EMIGRANT,MT,59027-0318,,BRIANNE DOWNEY,"S04, T07 S, R07 E, GOVT LOTS 11, 12, 13, 14, 15",07 S,07 E,04,ARTHUR BLANK / AMB WEST,West Creek Ranch,Official AMB West page says Arthur Blank purchased West Creek in 2017; cadastral owner uses AMB West's shared PO Box 318 Emigrant address.
49034204201010000,669293,WEST CREEK RANCH LLC,116.37,Park,PO BOX 318,,,EMIGRANT,MT,59027-0318,,BRIANNE DOWNEY,"S04, T07 S, R07 E, C.O.S. 986, PARCEL 1-2",07 S,07 E,04,ARTHUR BLANK / AMB WEST,West Creek Ranch,Official AMB West page says Arthur Blank purchased West Creek in 2017; cadastral owner uses AMB West's shared PO Box 318 Emigrant address.
49043130101010000,669464,WEST CREEK RANCH LLC,79.36,Park,PO BOX 318,,,EMIGRANT,MT,59027-0318,,BRIANNE DOWNEY,"S30, T06 S, R07 E, C.O.S. 1330, SW4NE4, NW4SE4",06 S,07 E,30,ARTHUR BLANK / AMB WEST,West Creek Ranch,Official AMB West page says Arthur Blank purchased West Creek in 2017; cadastral owner uses AMB West's shared PO Box 318 Emigrant address.
49043128101050000,669454,WEST CREEK RANCH LLC,38.237,Park,PO BOX 318,,,EMIGRANT,MT,59027-0318,,BRIANNE DOWNEY,"S28, T06 S, R07 E, C.O.S. 180A, PARCEL A B & C LESS MS-2 OF COS 2131",06 S,07 E,28,ARTHUR BLANK / AMB WEST,West Creek Ranch,Official AMB West page says Arthur Blank purchased West Creek in 2017; cadastral owner uses AMB West's shared PO Box 318 Emigrant address.
49034204104010000,669759,WEST CREEK RANCH LLC,31.625,Park,PO BOX 318,,,EMIGRANT,MT,59027-0318,,BRIANNE DOWNEY,"S04, T07 S, R07 E, C.O.S. 986, PARCEL 3",07 S,07 E,04,ARTHUR BLANK / AMB WEST,West Creek Ranch,Official AMB West page says Arthur Blank purchased West Creek in 2017; cadastral owner uses AMB West's shared PO Box 318 Emigrant address.
49043120401100000,669754,WEST CREEK RANCH LLC,16.61,Park,PO BOX 318,,,EMIGRANT,MT,59027-0318,,BRIANNE DOWNEY,"S20, T06 S, R07 E, C.O.S. 2131, PARCEL CW",06 S,07 E,20,ARTHUR BLANK / AMB WEST,West Creek Ranch,Official AMB West page says Arthur Blank purchased West Creek in 2017; cadastral owner uses AMB West's shared PO Box 318 Emigrant address.
